,WAREHOUSE SALES,RETAIL SALES
,sum,sum
ITEM TYPE,,
BEER,2437617.319999994,209763.10999999984
DUNNAGE,-45275.0,0.0
KEGS,43558.0,0.0
LIQUOR,33173.31999999996,309847.849999999
NON-ALCOHOL,8656.720000000001,8109.969999999999
REF,0.0,281.3400000000001
STR_SUPPLIES,0.0,995.98
WINE,433009.4699999996,313400.41999999224
